id;customer_notification_id;role;status
1;Operations bandwidth web-readiness;CSS SQL Landing;Sleek transmitting calculating
2;networks Chief;olive Account Uganda;blue firewall Practical
3;neutral;Frozen;Czech Wooden
4;Pine;bottom-line XSS Ergonomic;deposit
5;Cambridgeshire Soft Fundamental;hybrid Baby;Savings collaboration Senior
6;Table primary;payment Gorgeous PCI;engineer turn-key Representative
7;Loan auxiliary invoice;application;Drive Savings
8;AI;blockchains Beauty national;Chief Account
9;violet installation;mindshare monitor;Berkshire
10;protocol supply-chains;Bedfordshire;holistic Sports
