id;name;activity;created_date
1;HTTP;Plaza;2021-07-13T18:32:47
2;Producer;Compatible;2021-07-14T10:59:02
3;Ball Bike program;base;2021-07-14T02:39:49
4;National Rica Bedfordshire;generating intuitive;2021-07-13T13:32:35
5;Keyboard;niches Coordinator throughput;2021-07-13T20:45:49
6;secondary Generic;support back-end;2021-07-13T21:08:32
7;payment SMTP payment;mobile Internal;2021-07-14T04:44:47
8;Won;Plastic;2021-07-14T02:55:30
9;circuit;connect;2021-07-14T07:21:57
10;programming;Beauty system;2021-07-14T11:39:56
